EVNT_ID,VechicleMake,VehicleColor,VehicleModel,TowCompany
25T036595,GMC,White,,Elite Towing & Recovery **Tow Desk**
25T036595,GMC,White,,Newhouse & Hutchins Towing
25T062772,,White,,Mishler Towing, Inc
25T062772,,White,,BC Towing
25T062772,,White,,OK Motor Sales & Towing
25T062772,,White,,BC Towing
25T062772,,White,,OK Motor Sales & Towing
25T068616,Travel,White,Trailer,Steve's Towing & Recycling, LLC
25T068616,Travel,White,Trailer,Frontier Equipment, Inc
25T068616,Travel,White,Trailer,Macinnes Towing
25T068616,Travel,White,Trailer,Frontier Equipment, Inc
25T068616,Travel,White,Trailer,Frontier Equipment, Inc
25T071122,,,,Santiam Towing & Recovery
25T072696,Comfort,Tan,,Star 24 HR Towing
25T072696,Comfort,Tan,,Caveman Towing
25T072696,Comfort,Tan,,Bulldog Towing (Grants Pass)
25T072696,Comfort,Tan,,Goodfellas Towing
25T072696,Comfort,Tan,,Bulldog Towing (Grants Pass)
25T072696,Comfort,Tan,,Oregon Towing
25T072696,Comfort,Tan,,
25T072696,Comfort,Tan,,Oregon Towing
25T072696,Comfort,Tan,,Fairgrounds Towing & Fuel, LLC
25T072696,,Beige,COMFORT,
25T072696,Comfort,Tan,,
25T073819,Chevrolet,Silver,express,Seaside Towing
25T073967,Dodge,White,Avenger,Elite Towing & Recovery **Tow Desk**
25T073970,Subaru,Black,Forester,Elite Towing & Recovery **Tow Desk**
25T073970,Subaru,Black,Forester,Elite Towing & Recovery **Tow Desk**
25T074012,,,,SPS of Oregon
25T074012,,,,
25T074215,Hyundai,Silver,Veloster,Newhouse & Hutchins Towing
25T074268,Honda,Silver,ody,Rivers Edge Towing
25T074287,Volkswagen,White,Jetta,Speeds Supertow **Tow Desk**
25T074287,General Motors,Black,Acadia,21st Century Towing
25T074319,Toyota,Silver,Prious,Elite Towing & Recovery **Tow Desk**
25T074319,Toyota,Silver,Prious,
25T074335,Honda,Multicolored,CBR,21st Century Towing
25T074335,Honda,Multicolored,CBR,Sargeants Towing **Tow Desk**
25T074342,,,,Hubbard Towing
25T074342,,,,Baker & Baker Towing
25T074342,,,,BC Towing
25T074342,,,,
25T074342,,,,M & M Auto Wrecking & Towing
25T074342,,,,Day N Nite Towing, LLC
25T074578,,,,Day N Nite Towing, LLC
25T074604,Jeep (1989-Current),Gold,GCH,Precision Towing & Recovery Inc
25T074604,Jeep (1989-Current),Gold,GCH,P & M Automotive
25T074604,Jeep (1989-Current),Gold,GCH,Retriever Towing **Tow Desk**
25T074604,Jeep (1989-Current),Gold,GCH,AE Collision & Towing, Inc
25T074604,Jeep (1989-Current),Gold,GCH,M & M Auto Wrecking & Towing
25T074625,Nissan,,ROGUE,Newhouse & Hutchins Towing
25T074628,Subaru,Blue,OUTBACK,21st Century Towing **Tow Desk**
25T074673,CHEVY,Tan,C15,21st Century Towing **Tow Desk**
25T074681,Honda,Silver,CIVIC,Bud's Towing, Inc
25T074718,Nissan,Brown,,Elite Towing & Recovery **Tow Desk**
25T074746,Buick,Silver,,Elite Towing & Recovery
25T074833,TRAILER,,,Guzman Brothers Mobile Repair & Towing
25T074833,TRAILER,,,Guzman Brothers Mobile Repair & Towing
25T074833,TRAILER,,,Rivers Edge Towing
25T074902,,,,Wiltse Towing LLC
25T074902,,,,Premier Towing & Recovery
25T074943,Volkswagen,,TIGUAN,Elite Towing & Recovery **Tow Desk**
25T074965,HARLEY D,Red,,Northwestern Towing & Recovery **Tow Desk**
25T075010,Honda,White,Fit,Speeds Supertow **Tow Desk**
25T075013,Chevrolet,White,IMP,Day N Nite Towing, LLC
25T075092,Plymouth,White,VOYAGER,Wiltse Towing LLC
25T075113,Chrysler,Silver,TOWN & COUNTRY,Journey's Salvage
25T075113,Chrysler,Silver,TOWN & COUNTRY,Dowell Towing & Recovery
25T075277,Honda,Silver,CIVIC,Hubbard Towing
25T075350,KAWK,,V7E,Elite Towing & Recovery
25T075416,Toyota,,SCION,Sergeants Towing and Recovery **Tow Desk**
25T075529,Ford,Maroon,BRONCO,Santiam Towing & Recovery
25T075543,Chrysler,Gray,Town & Country,Speeds Supertow **Tow Desk**
25T075652,Ford,Blue,Focus,Northwestern Towing & Recovery **Tow Desk**
25T075727,Volkswagen,,GTI,21st Century Towing
25T075727,Ford,Tan,Escape,21st Century Towing
25T075727,Subaru,Blue,Forester,21st Century Towing
25T075727,Volkswagen,,GTI,
25T075727,Ford,White,F250,21st Century Towing
25T075738,MINI,Red,COOPER,Sergeants Towing and Recovery **Tow Desk**
25T075801,Chevrolet,Blue,Aveo,Sargeants Towing **Tow Desk**
25T075834,Mitsubishi,Black,Lancer,Elite Towing & Recovery **Tow Desk**
25T075834,Mercedes-Benz,Cream,380,21st Century Towing
25T075834,Ford,Gray,Fusion,Elite Towing & Recovery **Tow Desk**
25T075882,Ford,Silver,TAURUS,Sergeants Towing and Recovery **Tow Desk**
25T075975,Mazda,Red,,
25T076231,Honda,Blue,Accord,21st Century Towing **Tow Desk**
25T076406,Chrysler,Gray,PAC,Elite Towing & Recovery
25T076406,Chrysler,Gray,PAC,
25T076410,Nissan,Gray,,Newhouse & Hutchins Towing
25T076410,Nissan,Gray,,Northwestern Towing & Recovery
25T076495,,Orange,,Northwestern Towing & Recovery
25T076495,,Brown,,Sergeants Towing and Recovery **Tow Desk**
25T076495,YAMA,Silver,,Sergeants Towing and Recovery **Tow Desk**
25T076574,Kia Motors Corp.,Red,RIO,Sergeants Towing and Recovery **Tow Desk**
25T076588,Nissan,White,,Elite Towing & Recovery
25T076588,Subaru,Gray,,Sergeants Towing and Recovery **Tow Desk**
25T076606,Ford,Gray,,Northwestern Towing & Recovery
25T076611,Nissan,Black,PTH,
25T076681,Chevrolet,White,IMPALLA,Rivers Edge Towing
25T076710,Subaru,Gold,LEG,21st Century Towing **Tow Desk**
25T076797,FLEETWOOD,Green,BOUNDER,Star 24 HR Towing
25T076797,FLEETWOOD,Green,BOUNDER,Fairgrounds Towing & Fuel, LLC
25T076797,FLEETWOOD,Green,BOUNDER,Goodfellas Towing
25T076868,Toyota,Red,prius,Day N Nite Towing, LLC
25T076868,Audi,Black,AA6,Elite Towing & Recovery
25T076903,Ford,PLE,RANGER,BC Towing
25T076904,Toyota,Gray,tac,Pro Tow
25T076904,Chevrolet,Black,tac,Pro Tow
25T076906,Ford,White,EXPLORER,Baker & Baker Towing
25T076937,Jeep (1989-Current),,RENEGADE,Sergeants Towing and Recovery **Tow Desk**
25T076937,Mercedes-Benz,White,,Elite Towing & Recovery **Tow Desk**
25T077011,,Gray,VAN,Northwestern Towing & Recovery **Tow Desk**
25T077075,Ford,Black,FUSION,TRS 24 HR Towing
25T077079,Chevrolet,White,C1500,New's Towing
25T077079,Chevrolet,White,C1500,All Ways Towing
25T077099,Nissan,Blue,VRS,Elite Towing & Recovery **Tow Desk**
25T077105,Ford,White,F350,21st Century Towing
25T077116,Ford,Silver,ESCAPE,Drake's Towing & Recovery
25T077116,Ford,Silver,ESCAPE,
25T077291,Nissan,Gray,SENTRA,Elite Towing & Recovery **Tow Desk**
25T077291,Ford,Gray,EDGE,21st Century Towing **Tow Desk**
25T077291,Ford,Gray,EDGE,
25T077291,Honda,Blue,ACCORD,21st Century Towing **Tow Desk**
25T077291,Toyota,Gray,TACOMA,Sargeants Towing **Tow Desk**
25T077382,KAWASAKI,Black,NINJU,Northwestern Towing & Recovery
25T077429,,White,ALLE,Mast Bros Enterprises Inc
25T077441,Honda,White,CRV,Emerald Valley Towing
25T077515,Toyota,Red,PRI,Trac Towing
25T077639,Nissan,,SENTRA,Speed's Towing
25T077748,Kia Motors Corp.,Black,Niro,Sargeants Towing **Tow Desk**
25T077760,Cadillac,Black,,Sergeants Towing and Recovery **Tow Desk**
25T077768,,Gray,CHALLENGER,Economy Towing
25T077777,Chevrolet,White,,Northwestern Towing & Recovery
25T077873,Hyundai,Silver,elantra,Classic Towing
25T077873,Hyundai,Silver,elantra,Drake's Towing & Recovery
25T077873,Hyundai,Silver,elantra,Classic Towing
25T077873,Hyundai,Silver,elantra,Affordable Towing & Repair, LLC
25T077873,Hyundai,Silver,elantra,Grumpys Towing and Recovery Inc.
25T077873,Hyundai,Silver,elantra,Affordable Towing & Repair, LLC
25T077873,Hyundai,Silver,elantra,Grumpys Towing and Recovery Inc.
25T077920,Chevrolet,Gold,C K 1500,Roseburg Towing, LLC
25T077922,Saab,Black,,Elite Towing & Recovery **Tow Desk**
25T077932,Nissan,,ARMADA,Anderson Towing & Recovery
25T077932,Nissan,,ARMADA,Sargeants Towing **Tow Desk**
25T077952,Toyota,,t100,Bixby & Sons Transport
25T077952,Toyota,,t100,Torch Towing & Transport
25T077952,Toyota,,,Bixby & Sons Transport
25T077952,Toyota,,,
25T077966,Audi,Black,,Newhouse & Hutchins Towing
25T077966,Audi,Black,,21st Century Towing
25T077966,Audi,Black,,21st Century Towing
25T078067,Toyota,Black,RAV,Elite Towing & Recovery **Tow Desk**
25T078067,Toyota,Black,TACOMA,21st Century Towing **Tow Desk**
25T078128,Scion,Gray,,Elite Towing & Recovery **Tow Desk**
25T078154,Subaru,White,,Northwestern Towing & Recovery **Tow Desk**
25T078181,Toyota,Green,SR5,E and E Towing Limited Liability Company
25T078210,,,,Dowell Towing & Recovery
25T078232,Toyota,,,Elite Towing & Recovery **Tow Desk**
25T078232,Volkswagen,,JETTA,21st Century Towing **Tow Desk**
25T078232,Subaru,,,21st Century Towing **Tow Desk**
25T078250,,White,,OK Motor Sales & Towing
25T078250,,White,,McMinnville Towing
25T078250,,White,,Gales Towing & Recovery Inc
25T078250,,White,,Fox Towing LLC
25T078250,,White,,OK Motor Sales & Towing
25T078250,,White,,Mishler Towing, Inc
25T078250,,White,,Yamhill Towing
25T078250,,White,,Mishler Towing, Inc
25T078406,Pontiac,Silver,MONTERO,B & R Towing & Recovery
25T078409,Subaru,Blue,FORRESTER,BC Towing
25T078434,Toyota,Gray,Camry,21st Century Towing **Tow Desk**
25T078439,Cadillac,Black,SRX,Trac Towing
25T078467,Ford,Blue,FUSION,B & G Towing
25T078492,BMW,White,,Speeds Supertow **Tow Desk**
25T078521,Suzuki,Black,,All Ways Towing
25T078521,Suzuki,Black,,Cascade Towing & Automotive, Inc
25T078528,Toyota,Blue,MATRIX,Newhouse & Hutchins Towing
25T078528,Ford,White,,Newhouse & Hutchins Towing
25T078568,Ford,Black,VAN,Elite Towing & Recovery **Tow Desk**
25T078586,Nissan,Gray,,Northwestern Towing & Recovery **Tow Desk**
25T078586,Lexus,Black,,21st Century Towing **Tow Desk**
25T078653,Toyota,White,COROLLA,All Star Towing & Recovery
25T078660,Toyota,Maroon,Highlander,21st Century Towing
25T078660,Mini Cooper,Blue,,21st Century Towing
25T078675,Hyundai,Black,,Newhouse & Hutchins Towing **Tow Desk**
25T078802,Chevrolet,Black,Colorado,Blu-Line Towing
25T078951,Honda,,WAGON,All-Rite Towing & Recovery, LLC
25T078951,Honda,,WAGON,
25T078951,Honda,,WAGON,Main Auto
25T078992,Kia Motors Corp.,Gray,CAD,Barber's Towing, Inc
25T078996,Honda,Blue,ACCORD,Sergeants Towing and Recovery **Tow Desk**
25T079007,Ford,Gray,,21st Century Towing **Tow Desk**
25T079009,Chevrolet,Blue,,21st Century Towing **Tow Desk**
25T079184,Subaru,,WRX,Sergeants Towing and Recovery **Tow Desk**
25T079184,Subaru,,WRX,
25T079222,Ford,Green,EXPLORER,BC Towing
25T079222,Ford,Green,EXPLORER,
25T079222,Ford,Green,EXPLORER,P & M Automotive
25T079381,Subaru,Blue,LEGACY,Webfoot Towing
25T079388,Chevrolet,Blue,Silverado,Day N Nite Towing, LLC
25T079388,Chevrolet,Blue,Silverado,
25T079516,Jeep (1989-Current),Black,Grand Cherokee,21st Century Towing **Tow Desk**
25T079581,Ford,Red,Focus,Newhouse & Hutchins Towing
25T079581,Ford,Red,Focus,Northwestern Towing & Recovery
25T079584,Ford,Blue,RANGER,Riddle Towing & Recovery
25T079584,Ford,Blue,RANGER,
25T079626,Dodge,Red,CARAVAN,Riddle Towing & Recovery
25T079626,Dodge,Red,CARAVAN,Riddle Towing & Recovery
25T079641,Dodge,WHTIE,AVENGER,Puddle Jumper Towing
25T079641,,,,Taylor's Towing & Auto Wrecking
25T079682,Ford,Green,Fiesta,Newhouse & Hutchins Towing
25T079750,Honda,Silver,Odyssey,Speeds Supertow **Tow Desk**
25T079804,Toyota,White,Sienna,21st Century Towing
25T079834,Ford,Tan,TAURUS,Speeds Supertow **Tow Desk**
25T080021,Kia Motors Corp.,Black,OPTIMA,21st Century Towing **Tow Desk**
25T080129,Kia Motors Corp.,Orange,Rio,Blu-Line Towing
25T080131,CHEVY,Silver,,21st Century Towing **Tow Desk**
25T080131,CHEVY,Silver,,
25T080131,Subaru,Gray,,21st Century Towing **Tow Desk**
25T080227,Mercedes-Benz,,,Speeds Supertow **Tow Desk**
25T080271,Toyota,Silver,SNA,Rowley's Towing
25T080275,ALUMA,White,LITE,Riddle Towing & Recovery
25T080293,Trlr,Orange,TL,Blu-Line Towing
25T080320,MNNI,Green,CTY,Car Care Tow Pro, Inc
25T080345,Honda,,,Speeds Supertow **Tow Desk**
25T080348,General Motors,,SIERRA,Northwestern Towing & Recovery **Tow Desk**
25T080373,Kia Motors Corp.,Red,,Elite Towing & Recovery **Tow Desk**
25T080373,Honda,,,21st Century Towing **Tow Desk**
25T080379,Infiniti,Silver,,Elite Towing & Recovery **Tow Desk**
25T080379,Hyundai,,sonata,Sargeants Towing **Tow Desk**
25T080392,Infiniti,Gray,EX3,Rogers Towing
25T080399,Mazda,,3,Sargeants Towing **Tow Desk**
25T080499,Toyota,Red,,Elite Towing & Recovery **Tow Desk**
25T080518,Jeep (1989-Current),Black,Compass,Northwestern Towing & Recovery **Tow Desk**
25T080536,General Motors,Silver,Acacia,21st Century Towing
25T080583,Audi,Gray,,Elite Towing & Recovery **Tow Desk**
25T080612,Jeep (1970-1988),Red,GRANDCHEROKEE,Dallas Towing
25T080613,Toyota,Black,COROLLA,
25T080883,Cadillac,Tan,ESCALADE,21st Century Towing **Tow Desk**
25T080893,FORD,BLACK,FIE,Pro Tow
25T080898,Chevrolet,White,TK,Coast Towing, Inc
25T081026,Honda,Silver,civ,Classic Towing
25T081051,Kia Motors Corp.,White,Optima,21st Century Towing **Tow Desk**
25T081064,Volkswagen,Blue,Rabbit,21st Century Towing **Tow Desk**
25T081170,+Buick,Gold,,Speeds Supertow **Tow Desk**
25T081282,Lexus,Gold,330,All Ways Towing
25T081359,,,,Ray's Towing & Garage Co, Inc
25T081359,,,,Ray's Towing & Garage Co, Inc
25T081373,Chevrolet,Silver,SILVERADO,
25T081373,Chevrolet,Silver,SILVERADO,Speeds Supertow **Tow Desk**
25T081393,Nissan,Silver,MAXIMA,Speeds Supertow **Tow Desk**
25T081436,Chevrolet,Gray,Silverado,Sargeants Towing **Tow Desk**
25T081444,Hyundai,Blue,ELANTRA,Elite Towing & Recovery **Tow Desk**
25T081444,Hyundai,Blue,ELANTRA,
25T081489,Isuzu,Silver,,21st Century Towing **Tow Desk**
25T081505,Hyundai,Blue,,Sargeants Towing **Tow Desk**
25T081592,,,,BC Towing
25T081592,,,,Wiltse Towing LLC
25T081592,,,,Santiam Towing & Recovery
25T081602,SOWI,White,L,Norris Body Shop
25T081602,SOWI,White,L,
25T081905,Toyota,Green,,Northwestern Towing & Recovery **Tow Desk**
25T081926,Ford,White,,21st Century Towing
25T081954,Nissan,Gray,,Elite Towing & Recovery **Tow Desk**
25T081954,Nissan,Gray,,
25T081998,Hyundai,White,,Elite Towing & Recovery **Tow Desk**
25T082010,CHEVY,,,Elite Towing & Recovery
25T082062,Pontiac,,SUNFIRE,Elite Towing & Recovery
25T082062,Chevrolet,,MALIBU,Elite Towing & Recovery
25T082073,Honda,,CRV,Sargeants Towing **Tow Desk**
25T082241,Mercedes-Benz,Tan,,Speeds Supertow **Tow Desk**
25T082241,Mercedes-Benz,Tan,,
25T082247,Dodge,White,Durango,Anderson Towing & Recovery
25T082247,Toyota,Gray,Rav 4,Bernabe Towing & Recovery
25T082253,Freightliner Corp,,,Gerlock Towing & Heavy Haul **Tow Desk**
25T082287,Ford,Gray,FOCUS,AA Towing
25T082314,Dodge,,RAM,Elite Towing & Recovery **Tow Desk**
25T082314,Dodge,,RAM,
25T082386,Acura,White,,Elite Towing & Recovery **Tow Desk**
25T082387,,,,Caveman Towing
25T082402,Mazda,Gray,,21st Century Towing
25T082402,Mazda,Gray,,Sargeants Towing **Tow Desk**
25T082408,Subaru,Black,FORESTER,Northwestern Towing & Recovery **Tow Desk**
25T082408,Toyota,White,COROLLA,Northwestern Towing & Recovery
25T082459,GMC,Gray,Acadia,
25T082523,BMW,Gray,328,Autohaus Towing
25T082523,BMW,Gray,,21st Century Towing **Tow Desk**
25T082546,Toyota,Silver,HIGHLANDER,Thunder Towing, LLC
25T082546,Toyota,Silver,AVALON,Thunder Towing, LLC
25T082566,Honda,Gray,ACCORD,
25T082566,Dodge,White,RAM,
25T082566,Dodge,White,RAM,
25T082611,Nissan,White,VERSA,Northwestern Towing & Recovery **Tow Desk**
25T082683,TOYT,Silver,CAM,AA Towing
25T082711,Nissan,,SENTRA,
25T082731,,,,P & M Automotive
25T082732,,,,Alpha Towing & Recovery
25T082736,Volvo,Silver,xc6,All Seasons Towing & Recovery
25T082769,Nissan,Red,,Sergeants Towing and Recovery **Tow Desk**
25T082773,Toyota,Gray,,21st Century Towing **Tow Desk**
25T082793,Honda,Blue,CIVIC,Dowell Towing & Recovery
25T082886,Toyota,Black,Rav4,Northwestern Towing & Recovery **Tow Desk**
25T082912,Suzuki,Silver,SX4,Elite Towing & Recovery **Tow Desk**
25T082923,Audi,White,Q5,Speeds Supertow **Tow Desk**
25T082923,Audi,White,Q5,
25T082972,Toyota,White,HIGHLANDER,Elite Towing & Recovery **Tow Desk**
25T083046,Toyota,Silver,COA,Elite Towing & Recovery **Tow Desk**
25T083238,Nissan,White,Frontier,
25T083238,Nissan,White,Frontier,Elite Towing & Recovery
25T083298,,,4-wheel atv,Speeds Supertow **Tow Desk**
25T083374,Mazda,Gray,MZ3,Beaverton Towing, LLC
25T083381,Ford,Silver,FUSION,T & M Towing & Hazmat, Inc
25T083381,Ford,Silver,FUSION,Brooks Towing and Offroad Recovery
25T083493,Acura,Black,MDX,Sergeants Towing and Recovery **Tow Desk**
25T083508,,,,
25T083508,,,,Purdy's Towing
25T083508,,,,Cascade Towing & Automotive, Inc
25T083549,Toyota,Gray,Camry,Sargeants Towing **Tow Desk**
25T083599,gillig,unk,,Northwestern Towing & Recovery
25T083599,gillig,unk,,
25T083636,General Motors Corp.,Red,Savana,Riddle Towing & Recovery
25T083838,Honda,Black,CIV,Fox Towing Two, LLC
25T083838,Honda,Black,CIV,All Star Towing & RV Storage
25T083877,FRTV,,MH,Youngs Towing, LLC
25T083877,FRTV,,MH,Cascade Towing & Automotive, Inc
25T083877,FRTV,,MH,All Ways Towing
25T083877,FRTV,,MH,
25T083877,FRTV,,MH,Bud's Towing, Inc
25T083877,FRTV,,MH,Cascade Towing & Automotive, Inc
25T083877,FRTV,,MH,Cascade Towing & Automotive, Inc
25T083907,Subaru,Silver,,Sergeants Towing and Recovery **Tow Desk**
25T083919,Jeep (1989-Current),Gray,,Newhouse & Hutchins Towing **Tow Desk**
25T083930,Toyota,Green,,Elite Towing & Recovery **Tow Desk**
25T083974,Chevrolet,Silver,TAHOE,Rogers Towing
25T084150,,,,AE Collision & Towing, Inc
25T084153,Toyota,,PRIUS,Elite Towing & Recovery **Tow Desk**
25T084153,Nissan,,ALTIMA,21st Century Towing
25T084264,Toyota,,YARIS,Elite Towing & Recovery **Tow Desk**
25T084321,Honda,,CRV,21st Century Towing **Tow Desk**
25T084321,Toyota,,PRIUS,Elite Towing & Recovery **Tow Desk**
25T084362,Honda,Teal (green),,21st Century Towing **Tow Desk**
25T084378,STRN,Red,SW,Mishler Towing, Inc
25T084391,,,,Anderson Towing & Recovery
25T084398,Chevrolet,White,P30,Burdens Muffler & Towing
25T084398,Chevrolet,White,P30,Burdens Muffler & Towing
25T084552,BMW,Silver,535I,Riddle Towing & Recovery
25T084573,Toyota,Black,COA,Taylor's Towing & Auto Wrecking
25T084581,Ford,Red,FOCUS,Puddle Jumper Towing
25T084615,Ford,Black,FOCUS,Speeds Supertow **Tow Desk**
25T084658,Toyota,Red,CAMRY,Anderson Towing & Recovery
25T084806,Nissan,Silver,Sentra,21st Century Towing
25T084806,Subaru,White,Impreza,Speeds Supertow **Tow Desk**
25T084837,General Motors Corp.,Gold,Savanah,Speeds Supertow **Tow Desk**
25T084869,Jeep (1989-Current),Gray,Compass,Elite Towing & Recovery **Tow Desk**
25T085049,Honda,Silver,Accord,21st Century Towing **Tow Desk**
25T085049,Ford,Gray,Esacape,Elite Towing & Recovery **Tow Desk**
25T085049,Hyundai,Gray,Ioniq,Sargeants Towing **Tow Desk**
25T085050,Toiga,White,Jamboree,All Ways Towing
25T085050,Toiga,White,Jamboree,Cascade Towing & Automotive, Inc
25T085050,Toiga,White,Jamboree,All Ways Towing
25T085050,Toiga,White,Jamboree,Purdy's Towing
25T085315,Ford,Silver,Mustang,Elite Towing & Recovery **Tow Desk**
25T085329,Suzuki,Green,SDK,Consolidated Towing Inc
25T085400,Ford,Red,Ranger,21st Century Towing **Tow Desk**
25T085410,Toyota,Gray,Highlander,Redwood & Son 24/7 Towing & Collision Repair
25T085419,Kia Motors Corp.,Gray,Soul,21st Century Towing
25T085427,,,,Affordable Towing & Repair, LLC
25T085463,Nissan,,LEAF,21st Century Towing **Tow Desk**
25T085501,BMW,White,X!,Elite Towing & Recovery **Tow Desk**
25T085501,Mercedes-Benz,White,C series,21st Century Towing
25T085515,Hyundai,White,Elantra,Sargeants Towing **Tow Desk**
25T085525,Toyota,Silver,COROLLA,Elite Towing & Recovery **Tow Desk**
25T085526,Volkswagen,Red,JETTA,
25T085526,Volkswagen,Red,JETTA,Elite Towing & Recovery
25T085589,Toyota,White,PRIUS,Affordable Towing & Repair, LLC
25T085619,Chrysler,Silver,NY,Abbas Towing
25T085672,CHEVY,,TRAVERSE,Sargeants Towing **Tow Desk**
25T085746,GMC,Black,TERRAIN,Newhouse & Hutchins Towing
25T085840,,,,
25T085938,Chevrolet,White,Aveo,Beaverton Towing, LLC
25T085958,Kia Motors Corp.,GREAY,SPECTRA,Northwestern Towing & Recovery **Tow Desk**
25T085988,General Motors Corp.,Black,Sierra,
25T085988,General Motors Corp.,Black,Sierra,Day N Nite Towing, LLC
25T086033,Hyundai,,TUSCON,Speeds Supertow **Tow Desk**
25T086033,Hyundai,,TUSCON,
25T086035,,Black,TRAILER,21st Century Towing
25T086045,Nissan,Blue,titan,B & W Wrecker Service
25T086045,Nissan,Blue,titan,JV Repair
25T086101,Toyota,,COROLLA,21st Century Towing **Tow Desk**
25T086114,Honda,,CIVIC,Day N Nite Towing, LLC
25T086114,Honda,,CIVIC,Elite Towing & Recovery
25T086114,MINI,,COOPER,Pro Tow
25T086114,Nissan,,ALTIMA,
25T086114,Nissan,,ALTIMA,Pro Tow
25T086180,,,,Hwy 34 Towing & Repair
25T086188,Honda,Black,Pilot,Elite Towing & Recovery **Tow Desk**
25T086195,Jeep (1989-Current),Silver,Compass,Newhouse & Hutchins Towing
25T086195,Toyota,Gold,Camry,Northwestern Towing & Recovery **Tow Desk**
25T086318,Homemade,Brown,utility trailer,Elite Towing & Recovery **Tow Desk**
25T086328,General Motors,Gray,GULFSTREAM,AA Towing
25T086387,Toyota,BLK,CAMRY,Elite Towing & Recovery **Tow Desk**
25T086387,Subaru,White,FORRESTER,Elite Towing & Recovery **Tow Desk**
25T086440,Hyundai,Gray,SONATA,Elite Towing & Recovery
25T086507,Chevrolet,Gray,SONIC,21st Century Towing **Tow Desk**
25T086509,Toyota,Silver,Avalone,All Seasons Towing & Recovery
25T086509,Toyota,Silver,Avalone,Trac Towing
25T086509,Toyota,Silver,Avalone,Trac Towing
25T086520,Toyota,Silver,Corolla,Newhouse & Hutchins Towing
25T086542,Dodge,White,VAN,Cascade Towing & Automotive, Inc
25T086542,Dodge,White,VAN,All Ways Towing
25T086542,Dodge,White,VAN,All Ways Towing
25T086613,Ford,Gray,EXPLORER,Premier Towing & Recovery
25T086646,Toyota,Red,PICK UP,Guzman Brothers Mobile Repair & Towing
25T086673,,,,
25T086709,Toyota,Gray,Tacoma,Sargeants Towing **Tow Desk**
25T086744,Hyundai,Silver,ELANTRA,Northwestern Towing & Recovery **Tow Desk**
25T086744,Subaru,Silver,LEGACY,21st Century Towing
25T086786,,,,
25T086804,Honda,Silver,ACCORD,Dowell Towing & Recovery
25T086824,Freightliner Corp,White,Semi Tractor,Gerlock Towing & Heavy Haul **Tow Desk**
25T086847,Nissan,Blue,Sentra,21st Century Towing
25T086877,,,,
25T087026,,,,Larkin Towing, LLC
25T087026,,,,HD Repair
25T087026,,,,Larkin Towing, LLC
25T087116,Dodge,Blue,2ph,Cascade Towing & Automotive, Inc
25T087116,Ford,Silver,escape,Day N Nite Towing, LLC
25T087130,Toyota,Gray,PRIUS,All Star Towing & Recovery
25T087130,Toyota,Red,COA,All Star Towing & Recovery
25T087223,Honda,Silver,Civic,21st Century Towing
25T087252,Jeep (1989-Current),Gray,Patriot,Elite Towing & Recovery **Tow Desk**
25T087266,Mercedes-Benz,Gray,,Speeds Supertow **Tow Desk**
25T087269,Hyundai,White,Kona,21st Century Towing
25T087281,Nissan,Black,ALTIMA,Elite Towing & Recovery **Tow Desk**
25T087293,Saturn,Black,ion,Newhouse & Hutchins Towing
25T087309,Ford,,EXPLORER,Bernabe Towing & Recovery
25T087309,Subaru,Gold,OUTBACK,Anderson Towing & Recovery
25T087319,Toyota,Black,TACOMA,Sergeants Towing and Recovery **Tow Desk**
25T087324,Nissan,Silver,300zx,Elite Towing & Recovery **Tow Desk**
25T087348,Hyundai,White,elantra,Speeds Supertow **Tow Desk**
25T087418,Tesla,Black,X,Retriever Towing **Tow Desk**
25T087418,Tesla,Black,X,Precision Towing & Recovery Inc
25T087418,Tesla,Black,X,AE Collision & Towing, Inc
25T087418,Tesla,Black,X,M & M Auto Wrecking & Towing
25T087512,Chrysler,White,CRU,Loughead's Automotive LLC
25T087632,Toyota,White,HIGHLANDER,Dowell Towing & Recovery
25T087632,Toyota,White,HIGHLANDER,
25T087683,Volkswagen,,GOLF,Anderson Towing & Recovery
25T087683,Tesla,,MOD,Anderson Towing & Recovery
25T087683,Toyota,,HIGHLANDER,Anderson Towing & Recovery
25T087683,Mazda,,CX9,Anderson Towing & Recovery
25T087795,,,,Autohaus Towing
25T087795,,,,Thunder Towing, LLC
25T087828,Toyota,White,PRE,
25T087925,Toyota,Silver,,Newhouse & Hutchins Towing
25T087925,Toyota,Black,VENZA,Speeds Supertow **Tow Desk**
25T087942,Kia Motors Corp.,,SEDONA,Elite Towing & Recovery
25T087942,Toyota,Silver,PRIUS,21st Century Towing **Tow Desk**
25T087942,Kia Motors Corp.,,SEDONA,
25T087959,COMP,White,RV,Rowley's Towing
25T087959,COMP,White,RV,Coast Towing, Inc
25T087959,COMP,White,RV,Menefee Welding Repair & Towing, LLC
25T087959,COMP,White,RV,Bobs Auto & Towing
25T087959,COMP,White,RV,Rowley's Towing
25T087959,COMP,White,RV,Coast Towing, Inc
25T087959,COMP,White,RV,Menefee Welding Repair & Towing, LLC
25T087959,COMP,White,RV,
25T087959,COMP,White,RV,Car Care Tow Pro, Inc
25T087987,Subaru,White,forester,21st Century Towing **Tow Desk**
25T088006,Toyota,White,highlander,E and E Towing Limited Liability Company
25T088066,Infiniti,Silver,,Northwestern Towing & Recovery **Tow Desk**
25T088080,Honda,Silver,Crosstour,Speeds Supertow **Tow Desk**
25T088104,Ford,Blue,XPL,B & R Towing
25T088121,Peterbilt Motors Co,Gray,,Cascade Towing & Automotive, Inc
25T088142,Ford,Silver,TAURUS,A+ Towing
25T088159,Ford,Blue,escape,Newhouse & Hutchins Towing **Tow Desk**
25T088159,Honda,Gray,crv,Speeds Supertow **Tow Desk**
25T088159,Nissan,Silver,altima,Speeds Supertow **Tow Desk**
25T088172,SIERRA,White,,Rogers Towing
25T088193,Chrysler,Black,,21st Century Towing **Tow Desk**
25T088317,Hyundai,Gray,,Speeds Supertow **Tow Desk**
25T088362,Chevrolet,Silver,MALIBU,21st Century Towing **Tow Desk**
25T088524,,,,Emerald Valley Towing
25T088556,,,,Affordable Towing & Repair, LLC
25T088657,Mitsubishi,Gray,Eclipse,21st Century Towing
25T088902,Freightliner Corp,,,
25T088932,Volkswagen,,JETTA,Fenns Towing & Repair
25T088932,Volkswagen,,JETTA,Wagontire Towing & Recovery
25T088932,Volkswagen,,JETTA,M J Goss Motor Company
25T088932,Volkswagen,,JETTA,Captain Hooks Towing
25T088932,Volkswagen,,JETTA,Rock & Sons Tire & Auto
25T088988,Volvo,,,
25T089015,,,,A-1 Charlies Towing Inc
25T089015,,,,
25T089015,,,,Rogers Towing
25T089015,,,,
25T089015,,,,Bobs Auto & Towing
25T089015,Ford,Green,Ranger,
25T089015,Ford,Green,Ranger,Bobs Auto & Towing
25T089033,Acura,Silver,Integra,Elite Towing & Recovery **Tow Desk**
25T089204,Honda,Black,CRV,Sargeants Towing **Tow Desk**
25T089228,Toyota,Green,Prius,Day N Nite Towing, LLC
25T089234,Subaru,Gold,Outback,Davis Towing Inc
25T089270,Ford,Black,Mustang,Speeds Supertow **Tow Desk**
25T089304,Subaru,White,Legacy,Rivers Edge Towing
25T089304,Subaru,White,Legacy,
25T089342,Ford,Black,F150,Newhouse & Hutchins Towing
25T089360,Toyota,Gray,Rav 4,Olson Bros Towing
25T089360,Toyota,Gray,Rav 4,All Ways Towing
25T089422,Kia Motors Corp.,White,Forte,Speeds Supertow **Tow Desk**
25T089529,Cadillac,Gray,DEV,Blu-Line Towing
25T089599,WNGBO,Tan,,All Star 24 HR Towing, LLC
25T089599,WNGBO,Tan,,Oregon Towing
25T089599,WNGBO,Tan,,3 Boys Classic Towing
25T089599,WNGBO,Tan,,Goodfellas Towing
25T089599,WNGBO,Tan,,Meraki Towing, LLC
25T089628,Dodge,White,Dakota,
25T089628,Dodge,White,Dakota,Bud's Towing, Inc
25T089781,Chrysler,Blue,200,Santiam Towing & Recovery
25T089822,Kia Motors Corp.,Gray,TELLURDIDE,Speeds Supertow **Tow Desk**
25T089868,Lincoln-Continental,Blue,TOWN CAR,Sergeants Towing and Recovery **Tow Desk**
25T089924,Lexus,,,Newhouse & Hutchins Towing
25T090019,GMC,Black,,Newhouse & Hutchins Towing
25T090026,Toyota,White,TUNDRA,Elite Towing & Recovery **Tow Desk**
25T090032,Toyota,White,CAMRY,All Star Towing & RV Storage
25T090032,Toyota,Black,CAMRY,All Star Towing & RV Storage
25T090083,Mazda,Silver,MZ3,Speeds Supertow **Tow Desk**
25T090226,Buick,Blue,,Fox Towing Two, LLC
25T090226,Buick,Blue,,
25T090253,Ford,Red,f350,Northwestern Towing & Recovery **Tow Desk**
25T090253,Ford,White,,21st Century Towing **Tow Desk**
25T090253,Ford,White,,
25T090260,Ford,White,,21st Century Towing **Tow Desk**
25T090300,,,,
25T090300,,,,Fox Towing Two, LLC
25T090300,,,,21st Century Towing **Tow Desk**
25T090320,Mercedes-Benz,White,,Elite Towing & Recovery **Tow Desk**
25T090336,Toyota,Blue,rav4,21st Century Towing **Tow Desk**
25T090342,Kia Motors Corp.,Green,soul,Newhouse & Hutchins Towing **Tow Desk**
25T090416,Ford,White,FIESTA,21st Century Towing **Tow Desk**
25T090420,Freightliner Corp,White,,Northwestern Towing & Recovery **Tow Desk**
25T090437,Audi,Gray,Q3,Northwestern Towing & Recovery **Tow Desk**
25T090512,Chrysler,Black,,Speeds Supertow **Tow Desk**
25T090568,Audi,Black,q7,Anderson Towing & Recovery
25T090568,Audi,Black,q7,Beaverton Towing, LLC
25T090577,Nissan,Gray,rogue,Northwestern Towing & Recovery **Tow Desk**
25T090687,Kia Motors Corp.,Silver,sorrento,21st Century Towing **Tow Desk**
25T090702,Toyota,Silver,,Elite Towing & Recovery **Tow Desk**
25T090734,Ford,Blue,RANGER,Wiltse Towing LLC
25T090883,,,,Mast Bros Enterprises Inc
25T090889,Toyota,Black,rav4,Elite Towing & Recovery **Tow Desk**
25T090921,Toyota,Silver,camry,Elite Towing & Recovery **Tow Desk**
25T090944,,,,Consolidated Towing Inc
25T090944,,,,Crockett Interstate Towing & Transport, Inc
25T090944,,,,T & M Towing & Hazmat, Inc
25T090944,,,,AA Towing
25T090944,,,,AA Towing
25T091076,Toyota,Silver,Highlander,
25T091076,Toyota,Silver,Highlander,Northwestern Towing & Recovery **Tow Desk**
25T091115,Chevrolet,,S10,
25T091115,Chevrolet,,S10,Newhouse & Hutchins Towing
25T091190,Jeep (1989-Current),White,,Northwestern Towing & Recovery **Tow Desk**
25T091485,Honda,White,CIVIC,Elite Towing & Recovery **Tow Desk**
25T091544,Jeep (1989-Current),White,Grand Cherokee,Speeds Supertow **Tow Desk**
25T091698,Tesla,Black,Y,21st Century Towing
25T091698,Chevrolet,,equinox,21st Century Towing
25T091713,Toyota,Silver,highlander,Northwestern Towing & Recovery **Tow Desk**
25T091713,Toyota,Silver,highlander,
25T091734,,,,Rogers Towing
25T091734,,,,
25T091797,Toyota,Red,Prius,21st Century Towing
25T091833,Kia Motors Corp.,Red,,21st Century Towing
25T091844,Honda,Gold,ACCORD,21st Century Towing **Tow Desk**
25T091844,Honda,Gold,ACCORD,
25T091942,Ford,Blue,F250,Abbas Towing
25T091949,Toyota,White,Highlander,Elite Towing & Recovery **Tow Desk**
25T091955,BMW,,,Sargeants Towing **Tow Desk**
25T092199,Volkswagen,White,,Sargeants Towing **Tow Desk**
25T092201,,,,B & R Towing & Recovery
25T092223,Dodge,slver,caliber,21st Century Towing **Tow Desk**
25T092223,Audi,Silver,a6,21st Century Towing **Tow Desk**
25T092288,Mazda,Black,3,21st Century Towing **Tow Desk**
25T092366,Toyota,Silver,Corolla,21st Century Towing **Tow Desk**
25T092366,Dodge,Black,Durango,21st Century Towing **Tow Desk**
25T092439,Chevrolet,Black,Suburban,Rivers Edge Towing
25T092479,Kia Motors Corp.,Gray,,Northwestern Towing & Recovery **Tow Desk**
25T092482,,,,Webfoot Towing
25T092515,Mitsubishi,Blue,eclipse,Elite Towing & Recovery
25T092590,Ford,Black,f350,Elite Towing & Recovery **Tow Desk**
25T092639,Honda,Black,fit,
25T092639,Honda,Black,fit,21st Century Towing **Tow Desk**
25T092667,Ford,Red,focus,Newhouse & Hutchins Towing
25T092754,Toyota,,,Northwestern Towing & Recovery
25T092766,,,,Taylor's Towing & Auto Wrecking
25T092766,,,,Taylor's Towing & Auto Wrecking
25T092795,Subaru,Silver,OUTBACK,Sargeants Towing **Tow Desk**
25T092802,Honda,,CIVIC,Elite Towing & Recovery **Tow Desk**
25T092815,Ford,,F350,AA Towing
25T092815,Ford,,F350,
25T092815,Ford,,F350,All Star Towing & Recovery
25T092839,Ford,White,F-150,Day N Nite Towing, LLC
25T092846,Nissan,BLK,ALT,All Around Towing
25T092846,Nissan,BLK,ALT,M & M Auto Wrecking & Towing
25T092846,Nissan,BLK,ALT,
25T092902,Jeep (Prior to 1970),White,,21st Century Towing **Tow Desk**
25T092943,Chrysler,Blue,,Newhouse & Hutchins Towing
25T093100,Subaru,White,FORRESTER,All-Rite Towing & Recovery, LLC
25T093106,Nissan,Silver,altima,Elite Towing & Recovery **Tow Desk**
25T093113,Subaru,Blue,,21st Century Towing **Tow Desk**
25T093118,Kia Motors Corp.,Purple,optima,21st Century Towing **Tow Desk**
25T093173,Dodge,Black,caravan,Northwestern Towing & Recovery **Tow Desk**
25T093178,Subaru,Gray,tribeca,Sergeants Towing and Recovery **Tow Desk**
25T093218,Ford,,,21st Century Towing **Tow Desk**
25T093291,Honda,Silver,ACCORD,Santiam Towing & Recovery
25T093319,TOYT,,PRIUS,AA Rowleys Towing
25T093352,Honda,,ACCORD,Menefee Welding Repair & Towing, LLC
25T093352,Honda,,ACCORD,Car Care Tow Pro, Inc
25T093392,Volkswagen,Black,jetta,Speeds Supertow **Tow Desk**
25T093490,Toyota,Black,Sienna,Sergeants Towing and Recovery **Tow Desk**
25T093606,Toyota,White,Prius,Speeds Supertow **Tow Desk**
25T093636,Toyota,Blue,SOLARA,Speeds Supertow **Tow Desk**
25T093664,Jeep (1989-Current),Black,LIBERTY,Northwestern Towing & Recovery
25T093664,Jeep (1989-Current),Black,LIBERTY,
25T093833,Jaguar,,,21st Century Towing
25T093868,Dodge,RUST,,Elite Towing & Recovery **Tow Desk**
25T093874,Toyota,Silver,TACOMA,Anderson Towing & Recovery
25T093890,Hyundai,Silver,,Elite Towing & Recovery
25T093890,Toyota,Gray,TACOMA,Sergeants Towing and Recovery **Tow Desk**
